transect,Substrate,Depth_caves,RI
LB_1_R,1,0,0.311111111
LB_2_R,1,101.6666667,0.073333333
LB_3_R,1,328.3333333,0.253333333
PM_1_R,1,236.6666667,0.168888889
PM_2_R,1,180,0.162222222
PM_3_R,1,125,0.173333333
RB_1_R,1,133.3333333,0.177777778
RB_2_R,1,61.66666667,0.171111111
RB_3_R,1,46.66666667,0.166666667
Z_1_R,1,220,0.324444444
Z_2_R,1,203.3333333,0.122222222
Z_3_R,1,223.3333333,0.186666667
